id,userid,title,Notes,image,video,Creator,Object Creation Date,Object Creation Date Approx,Classification,Materials,Dimensions,Country of Origin,Current location,Copyright,Object Identifier,ca_sec_id,,EOL
object10,user2,L'abecedario pittorico,"Pellegrino Antonio Orlandi, 'L‚' abecedario pittorico dall‚'autore ristampato corretto et accresciuto do molti professori e di altre notizie spettanti alla pittura'(Bologna 1719)",Orlandi_LAbecedario_Pittorico_1719.JPG,,,1719,,Book,,,,"Denis Mahon Library & Archive Collection, National Gallery of Ireland",,,c1a66ca6-c6e3-11e2-8753-002590937d1c,,EOL
object100,user6,Berlin Blues I,,William SCOTT Berlin Blues I 2616 JPEG.jpg,,,1965,,Painting,Oil on canvas<br >,160 x 173 cm,,Collection Irish Museum of Modern Art<br >,"Heritage Gift by the Bank of Ireland from<br >the Bank of Ireland Collection, 2008<br >© William Scott Foundation ",,c23078d8-c6e3-11e2-8753-002590937d1c,objectcreator33,EOL
object102,user2,Letter to Denis Mahon from J. G. Cloots,"Written on 25th September 1934 regarding payment for the painting by Guercino, Jacob Blessing the Sons of Joseph.",Letter_from_JGCloots_to_Denis_Mahon_1934.jpg,,,1934,,Letter,,,,"Denis Mahon Library & Archive Collection, National Gallery of Ireland",,,c27a05e8-c6e3-11e2-8753-002590937d1c,,EOL
object103,user2,Denis Mahon‚'s own notes on the provenance of his painting of 'Jacob Blessing the Sons of Joseph' by Guercino,,Denis_Mahons_provenance_notes_for_Guercinos_Jacob_Blessing_the_Sons_of_Joseph.jpg,,,1934,,Archival Material,,,,"Denis Mahon Library & Archive Collection, National Gallery of Ireland",,,c2c7222e-c6e3-11e2-8753-002590937d1c,,EOL
object104,user2,"Letter to Denis Mahon, from Kenneth Clark, Director, National Gallery, London",2nd November 1934,Letter_from_Kenneth_Clarke_to_Denis_Mahon.jpg,,,1934,,Letter,,,,"Denis Mahon Library & Archive Collection, National Gallery of Ireland",,,c2fb1b38-c6e3-11e2-8753-002590937d1c,,EOL
object105,user2,Cascata d‚'aqua sopra il teatro della villa Aldobrandini,"Full title: 'Cascata d‚'aqua sopra il teatro della villa Aldobrandini  di Belvedere a Frascati, con le due colonne che versano acqua nellasommita, con vari giuochi che bagnano quelli che salgono la scala per vedere'.Giovanni Battista Falda, (c.1640-1678)Engraving, 1961",Giovanni_Battista_Falda_Villa_Aldobrandina_engraving.jpg,,,1961,,Engraving,,,,"Denis Mahon Library & Archive Collection, National Gallery of Ireland",,,c34058ba-c6e3-11e2-8753-002590937d1c,,EOL
object106,user2,Saint Cecilia,"Marco Dente da Ravenna (1493-1527) after the engraving by Marcantonio Raimondi (1480-1534) after the painting by Raphael (1483-1520)Engraving, sixteenth century",MarcoDente_daRavenna_after_engraving_by_Raimondi_after_painting_by_Raphael_Saint_Ceceilia_16thCentury.jpg,,,1514,,Engraving,,,,"Denis Mahon Library & Archive Collection, National Gallery of Ireland",,,c3711482-c6e3-11e2-8753-002590937d1c,,EOL
object107,user2,Letter from Denis Mahon to the London art dealer Delius Giese," 8th March, 1939",Letter_from_Denis_Mahon_to_Delius_Giese_1939.jpg,,,1939,,Letter,,,,"Denis Mahon Library & Archive Collection, National Gallery of Ireland",,,c3a6200a-c6e3-11e2-8753-002590937d1c,,EOL
object108,user2,"Receipt for £85 dated May 10th, 1939 to Denis Mahon from Delius Giese",,Denis_Mahons_invoice_for_Carraccis_Coronation_of_the_Virgin_1939.jpeg,,,1939,,Archival Material,,,,"Denis Mahon Library & Archive Collection, National Gallery of Ireland",,,c3e1c9fc-c6e3-11e2-8753-002590937d1c,,EOL
object109,user2,Letter from Denis Mahon to Dr Bodmer,"4th July, 1939",Letter_From_Denis_Mahon_to_Heinrich_Bodmer_1939.jpg,,,1939,,Letter,,,,"Denis Mahon Library & Archive Collection, National Gallery of Ireland",,,c417f7f2-c6e3-11e2-8753-002590937d1c,,EOL
object110,user2,Letter from Denis Mahon to Dottoressa Della Pergola,"28th April, 1956",Letter_from_Denis_Mahon_to_Dr_Della_Pergola_1956.jpg,,,1956,,Letter,,,,"Denis Mahon Library & Archive Collection, National Gallery of Ireland",,,c44d9e3e-c6e3-11e2-8753-002590937d1c,,EOL
object111,user2,Four Women with a Child,"Francesco Bartolozzi (1725-1815) after Guercino (1591-1666)Etching, 1764",Bartolozzi_after_Guercino_Four_Women_with_a_Child_1764.JPG,,,1764,,Etching,,,,"Denis Mahon Library & Archive Collection, National Gallery of Ireland",,,c4abea16-c6e3-11e2-8753-002590937d1c,,EOL
object112,user2,The Assassination of Amnon,"Francesco Bartolozzi (1725-1815) after Guercino (1591-1666)Etching, 1764",Bartolozzi_after_Guercino_The_Assassination_of_Amnon_1764.JPG,,,1764,,Etching,,,,"Denis Mahon Library & Archive Collection, National Gallery of Ireland",,,c4dc6da8-c6e3-11e2-8753-002590937d1c,,EOL
object113,user2,A list of artworks owned by Mahon in 1941,,Denis_Mahons_notes_on_his_collection_1941.JPG,,,1941,,Archival Material,,,,"Denis Mahon Library & Archive Collection, National Gallery of Ireland",,,c5099c60-c6e3-11e2-8753-002590937d1c,,EOL
object114,user2,Cheque for the first Guercino drawing purchased by Denis Mahon,,Cheque_for_first_Guercino_drawing_purchased_by_Denis_Mahon_1934.JPG,,,1934,,Archival Material,,,,"Denis Mahon Library & Archive Collection, National Gallery of Ireland",,,c544fe72-c6e3-11e2-8753-002590937d1c,,EOL
object115,user2,Letter from R.E.A. Wilson to Denis Mahon regarding the authorship of this drawing,"October, 1934",Letter_from_REA_Wilson_to_Denis_Mahon_1934.JPG,,,1934,,Letter,,,,"Denis Mahon Library & Archive Collection, National Gallery of Ireland",,,c579fa0a-c6e3-11e2-8753-002590937d1c,,EOL
object116,user2,"Bust of a young woman (?) slightly turned to left, wearing a ruff, attributed to Pietro Faccini, (1562-1602)","Frits Lugt,Paris (L.1028) Inv. No. 5087",Faccini_attributed_Bust_of_a_Young_Woman.JPG,,,,,Photograph,,,,"Denis Mahon Library & Archive Collection, National Gallery of Ireland",,,c5c6e0b8-c6e3-11e2-8753-002590937d1c,,EOL
object117,user2,"Letter from Frits Lugt to Denis Mahon, 1952",,Letter_from_Fritz_Lugtz_to_Denis_Mahon_1952.JPG,,,1952,,Letter,,,,"Denis Mahon Library & Archive Collection, National Gallery of Ireland",,,c5fa6050-c6e3-11e2-8753-002590937d1c,,EOL
object118,user2,Saint Helena with two of her handmaidens,"by GuercinoPen and brown ink, Frits Lugt, Paris (L.1028) Inv. No. 4017",Guercino_St_Helena_with_two_of_her_handmaidens.JPG,,,,,Drawing,,,,"Denis Mahon Library & Archive Collection, National Gallery of Ireland",,,c646c148-c6e3-11e2-8753-002590937d1c,,EOL
object119,user2,Rinaldo preventing Armina from killing herself,"by GuercinoPen and brown ink, Frits Lugt, Paris (L.1028) Inv. No. 4017",Guercino_Rinaldo_preventing_Armina_from_killing_herself_Pen&Brown_Ink.JPG,,,,,Drawing,,,,"Denis Mahon Library & Archive Collection, National Gallery of Ireland",,,c67edd9e-c6e3-11e2-8753-002590937d1c,,EOL
object120,user2,Letter from Denis Mahon to Lord Silkin,22nd June 1957,Letter_from_Denis_Mahon_to_Lord_Silkin_1957.jpg,,,1957,,Letter,,,,"Denis Mahon Library & Archive Collection, National Gallery of Ireland",,,c6b36f1e-c6e3-11e2-8753-002590937d1c,,EOL
object121,user2,Letter from Michael Wynne to Denis Mahon,7th July 1986,Letter_from_Michael_Wynne_to_Denis_Mahon_1986.jpg,,,1986,,Letter,,,,"Denis Mahon Library & Archive Collection, National Gallery of Ireland",,,c6e0d102-c6e3-11e2-8753-002590937d1c,,EOL
object122,user2,Letter from Ernst Gombrich to Denis Mahon,23rd June 1986,Letter_From_Gombrich_to_Denis_Mahon_1986.jpg,,,1986,,Letter,,,,"Denis Mahon Library & Archive Collection, National Gallery of Ireland",,,c712fe48-c6e3-11e2-8753-002590937d1c,,EOL
object123,user2,Letter from Peter Murray to Denis Mahon,6/16/1986,Letter_from_Peter_Murray_to_Denis_Mahon_1986.jpg,,,1986,,Letter,,,,"Denis Mahon Library & Archive Collection, National Gallery of Ireland",,,c7474086-c6e3-11e2-8753-002590937d1c,,EOL
object124,user2,Voyage pittoresque de Paris,"Voyage pittoresque de Paris, ou, Indication de tout ce qu‚'il ya de plus beau ... en peinture, sculpture, & architecture, par M. D***(Paris 1752)",Voyage_pittoresque_de_Paris_1752.jpg,,,1752,,Book,,,,"Denis Mahon Library & Archive Collection, National Gallery of Ireland",,,c77c4af6-c6e3-11e2-8753-002590937d1c,,EOL
object125,user2,Lives of the Artists,"Giorgio Vasari, Delle Vite De Piu Eccellenti, pittori scultori et architettori, scrute da M. Giorgio Vasari. Vol. I & II(Florence 1568)",Vasari_Lives_of_the_Artists_1568.jpg,,,1568,,Book,,,,"Denis Mahon Library & Archive Collection, National Gallery of Ireland",,,c7b23cb0-c6e3-11e2-8753-002590937d1c,,EOL
object126,user2,Photograph of 11 week old Denis Mahon with his mother Lady Alice Mahon,January 1911 Photograph by J. Weston & Son.,Photograph_Denis_Mahon_And_Lady_Alice_Mahon_1910.jpg,,,1911,,Photograph,,,,"Denis Mahon Library & Archive Collection, National Gallery of Ireland",,,c7e61b98-c6e3-11e2-8753-002590937d1c,,EOL
object127,user2,Photograph of Denis Mahon; aged 3 years,c.1913. Photograph by Gilbert Bowley,Photograph_of_Denis_Mahon_1913.jpg,,,1913,,Photograph,,,,"Denis Mahon Library & Archive Collection, National Gallery of Ireland",,,c81ae6e8-c6e3-11e2-8753-002590937d1c,,EOL
object128,user2,Felsina Pittrice: vite de pittori Bolognesi,"Title Page. Written by Carlo Cesare Malvasia, Bologna, 1678",Malvasia_Felsina_Pittrice_1678.jpg,,,1678,,Book,,,,"Denis Mahon Library & Archive Collection, National Gallery of Ireland",,,c84deaa2-c6e3-11e2-8753-002590937d1c,,EOL
object129,user2,Notizie della vita...Gioan Francesco Barbieri,"Title page from J.A. Calvi, 'Notizie della vita, e delle opere del cavaliere Gioan Francesco Barbieri, detto Il Guercino da Cento, celebre pittore'Bologna, 1808",Calvi_Biography_of_Guercino_1808.jpg,,,1808,,Book,,,,"Denis Mahon Library & Archive Collection, National Gallery of Ireland",,,c87f9a20-c6e3-11e2-8753-002590937d1c,,EOL
object130,user2,Nova Iconologia,"Cesare Ripa, 'Nova iconologia di Cesare Ripa perugino caualier de SS. Mauritio, & Lazzaro : Nella quale si descriuono diuerse imagini di virtuÃÄ, vitij, affetti, passioni humane, arti, discipline, humori, elementi, corpi celesti, prouincie d‚' Italia, fiumi, tutte le parti del mondo, ed‚' altre infinite materie.Padua, 1618",Cesare_Ripa_Nova_Iconologia_1618.jpg,,,1618,,Book,,,,"Denis Mahon Library & Archive Collection, National Gallery of Ireland",,,c8b4df96-c6e3-11e2-8753-002590937d1c,,EOL
object131,user2,Portrait photograph of George Ulick Browne in India,Photographer Thomas A. Rust14.5 x 10cm,Portrait_photograph_George_Ulick_Browne_in_India.jpg,,,,,Photograph,,,,"Denis Mahon Library & Archive Collection, National Gallery of Ireland",,,c8e363de-c6e3-11e2-8753-002590937d1c,,EOL
object132,user2,"Group Portrait photograph of the 5th, 6th and 7th Marquesses of Sligo",,Photograph_5th_6th_7th_Marquesses_of_Sligo_circa_1900.jpg,,,1900,circa,Photograph,,,,"Denis Mahon Library & Archive Collection, National Gallery of Ireland",,,c917ad42-c6e3-11e2-8753-002590937d1c,,EOL
object133,user2,"Postcard view of Westport House, County Mayo",Photographer John Hinde,John_Hinde_Postcard_view_of_Westport_House_County_Mayo_Sir_Denis_Mahon_Archive_Collection.jpg,,,1956,circa,Postcard,,,,"Denis Mahon Library & Archive Collection, National Gallery of Ireland",,,c969122c-c6e3-11e2-8753-002590937d1c,,EOL
object134,user2,Jacob Blessing the Sons of Joseph,,Guercino_Jacob_Blessing_Sons_of_Joseph_1620.jpg,,,1620,circa,Painting,Oil on canvas,x,,National Gallery of Ireland,"Presented by Sir Denis Mahon to the British Fund for the National Gallery of Ireland, 2008",NGI.4648,c9f92cb8-c6e3-11e2-8753-002590937d1c,,EOL
object135,user2,The Coronation of the Virgin,,Carracci_Coronation_of_the_Virgin_after1595_Metropolitan_Museum_of_Art.jpg,,,1595,after,Painting,Oil on canvas,x,,"Metropolitan Museum of Art, New York","Purchase, Bequest of Miss Adelaide Milton de Groot (1876–1967), by exchange, and Dr. and Mrs. Manuel Porter and sons Gift, in honor of Mrs. Sarah Porter, 1971",1971.155,ca6bf6f8-c6e3-11e2-8753-002590937d1c,,EOL
object136,user2,Study of Putti for Aurora,,Guercino_Study_of_Putti_for_Aurora_1621.jpg,,,1621,,Drawing,,x,,"Ashmolean Museum of Art and Archaeology, London","Lent from the collection of Sir Denis Mahon, C.H., C.B.E., F.B.A., 1985",LI032.13.,caf570b8-c6e3-11e2-8753-002590937d1c,,EOL
object137,user2,Cheque for Denis Mahon's purchase of Guercino's Jacob Blessing the Sons of Joseph (1620),Denis Mahon paid the art dealer J.G. Cloots £120 for Guercino's painting in 1934,Denis_Mahon_cheque_for_£120_to_Cloots_for_Guercino_Jacob_painting_1934.jpg,,,1934,,Archival Material,,,,"Denis Mahon Library & Archive Collection, National Gallery of Ireland",,,cb2b354a-c6e3-11e2-8753-002590937d1c,,EOL
object138,user6,Red Brown and Black<br >,,red_brown_and_black_scott.jpg,,,1967,,Painting,Oil on canvas,x,,,© William Scott Foundation,,cb7737ba-c6e3-11e2-8753-002590937d1c,,EOL
object139,user6,"Poem for a Jug, No.11<br >",,SCOTT_W_IMMA.376.JPG,,,1980,,Painting,Oil on canvas,x,,Irish Museum of Modern Art,Gordon Lambert Foundation 1992 ,,cbda8bda-c6e3-11e2-8753-002590937d1c,,EOL
object141,user2,Lives of the Modern Painters,"Giovanni Pietro Bellori, Le vite de pittori, scultori, ed architetti moderni, co’loro ritratti naturale, (Rome 1728). ",Giovanni_Pietro_Bellori_Lives_of_the_Artists.jpg,,,1728,,Book,,,,"Denis Mahon Library & Archive Collection, National Gallery of Ireland",,,cc17ebec-c6e3-11e2-8753-002590937d1c,,EOL
object142,user2,Studies in Seicento Art and Theory,,Denis_Mahon_Studies_in_Seicento_Art_and_Theory_1947.jpg,,,1947,,Book,,,,"Denis Mahon Library & Archive Collection, National Gallery of Ireland",,,cc4b06d0-c6e3-11e2-8753-002590937d1c,,EOL
object143,user2,Il Trionfo,"Giuseppe Ghezzi, 'Il Trionfo della fede solennizzato nel Campidoglio dall‚'Accademia del Disegno il di 23. di maggio 1713. Relazione di Giuseppe Ghezzi, Pittore e Segretario Accademico (Rome 1713)",Ghezzi_Il_Trionfo_1713.JPG,,,1713,,Book,,,,"Denis Mahon Library & Archive Collection, National Gallery of Ireland",,,cc7e4cb6-c6e3-11e2-8753-002590937d1c,,EOL
object143B,user2,Il Riposa di Raffaello Borghini,"Raffaello Borghini, Il riposo di Raffaello Borghini : in cvi della pittvra, e della scultura si fauella, de’piu illustri pittori, e scultori, et delle piu famose opere loro si fa mentione; e le cose principali appartenenti à dette arti s’insegnano, (Florence 1584)",Raffaello_Borghini_Il_Riposa_di_Raffaello_Borghini_1584.jpg,,,1584,,Book,,,,"Denis Mahon Library & Archive Collection, National Gallery of Ireland",,,cca70b10-c6e3-11e2-8753-002590937d1c,,EOL
object144,user2,Saint Cecilia,altarpiece,Raphael_Saint_Cecilia_c1516.jpg,,,1516,circa,Painting,"Oil on panel, transferred to canvas",,,"Pinacoteca Nazionale, Bologna",,,cceee28c-c6e3-11e2-8753-002590937d1c,,EOL
object2,user6,Paysage,,phelangibbpaysage.jpg,,,1906,,Painting,Oil on board,,Ireland,Private Collection,,,cd595f9a-c6e3-11e2-8753-002590937d1c,something wrong with this one - but not sure what...,EOL
object300,user2,Decoration,,Mainie_Jellett_Decoration_1923.JPG,,,1923,,Painting,Tempera on wood panel,,,National Gallery of Ireland,"Bequeathed, Evie Hone, 1955",NGI.1326,cdce3f36-c6e3-11e2-8753-002590937d1c,,EOL
object301,user2,"Portrait of Count John McCormack (1884-1945), Singer",,William_Orpen_Portrait_John_McCormack_1923.jpg,,,1923,,Painting,Oil on canvas,,,National Gallery of Ireland,"Purchased, 2009",NGI.2009.11,ce29d68e-c6e3-11e2-8753-002590937d1c,,EOL
object302,user2,The Liffey Swim,,Jack_B_Yeats_The_Liffey_Swim_1923.jpg,,,1923,,Painting,Oil on canvas,,,National Gallery of Ireland,"Presented, Trustees of the Haverty Trust, 1931",NGI.941,ce89f802-c6e3-11e2-8753-002590937d1c,,EOL
object303,user2,Photograph of Mainie Jellett and Albert Gleizes,,Photo_of_Mainie_Jellett_and_Albert_Gleizes.jpg,,,1940,circa ,Photograph,,,,,,,ceb7b3a0-c6e3-11e2-8753-002590937d1c,,EOL
object304,user2,Studio Study of a Lady in Costume,,Jellett_Studio_Study_1919.jpg,,,1919,,Drawing,Pencil on paper,,,,,,cef261c6-c6e3-11e2-8753-002590937d1c,,EOL
object305,user2,The Three Graces,,Mainie_Jellett_The_Three_Graces_1921.jpg,,,1921,,Painting,Oil on canvas,,,,,,cf2b042c-c6e3-11e2-8753-002590937d1c,,EOL
object355,user6,Vowel Grid (Ogham Series),,odoherty_imma_344_gl-2.jpg,,,1970,circa,Painting,Oil on board,,,Collection Irish Museum of Modern Art,,IMMA.2110,cf7d9408-c6e3-11e2-8753-002590937d1c,,EOL
object356,user6,Tree,,MCCANN_vmm.jpg,,,2010,,Installation,"Wood, walnut burl, veneer, gold-leaf, covered bronze casts, neon",,,Collection Irish Museum of Modern Art,,IMMA.3312,cfe38538-c6e3-11e2-8753-002590937d1c,,EOL
object357,user6,Power Cuts Imminent,,MARA_031.jpg,,,1975,,Screen print,paper,,,Collection Irish Museum of Modern Art,Tim Mara Estate,IMMA.1282,d06b5efe-c6e3-11e2-8753-002590937d1c,,EOL
object358,user6,Anna on a Sofa,,blackshaw_imma_135_gl.jpg,,,1965,,Painting,Oil on canvas,,,Collection Irish Museum of Modern Art,,IMMA.135GL,d0a97cde-c6e3-11e2-8753-002590937d1c,,EOL
object359,user6,Cloud No. 2,,king_imma_271_gl.jpg,,,1973,,Sculpture,Aluminium mounted on marble ,,,Collection Irish Museum of Modern Art,"Gordon Lambert Trust, 1992",IMMA.271GL,d1498224-c6e3-11e2-8753-002590937d1c,,EOL
object360,user6,In the Wake (of),,odoherty_imma_1990_1.jpg,,,1964,,Mixed Media,"Wood, paper, ink",,,Collection Irish Museum of Modern Art,"Purchase, 2006 ",IMMA.1990,d1d32eb6-c6e3-11e2-8753-002590937d1c,,EOL
object361,user6,Old Wheel Gate Entrance to Estate,,souter_imma_384_gl.jpg,,,1967,,Painting,Oil on paper,,,Collection Irish Museum of Modern Art,"Gordon Lambert Trust, 1992 ",IMMA.384GL,d23a5d70-c6e3-11e2-8753-002590937d1c,,EOL
object362,user6,Over the Bog,,souter_imma_2620.jpg,,,1962,,Painting,Oil and aluminium on paper laid on board,,,Collection Irish Museum of Modern Art ,"Heritage Gift by the Bank of Ireland from the Bank of Ireland collection, 2008",IMMA.2620,d2c3d208-c6e3-11e2-8753-002590937d1c,,EOL
object363,user6,Sounion,,king_imma_278_gl.jpg,,,1975,,Painting,Oil on canvas,,,Collection Irish Museum of Modern Art,"Gordon Lambert Trust, 1992 ",IMMA.278GL,d31bd98a-c6e3-11e2-8753-002590937d1c,,EOL
object364,user6,White Brush Strokes,,brown_imma_143_gl.jpg,,,1962,,Painting,Oil on canvas,,,Collection Irish Museum of Modern Art,"Gordon Lambert Trust, 1992",IMMA.143GL,d34f009e-c6e3-11e2-8753-002590937d1c,,EOL
object365,user6,Still Life,,McGuire_IMMA.1988.jpg,,,1957,,Painting,Oil on board,,,Collection Irish Museum of Modern Art,"Donation by Ann O’Rahilly, 2006 ",IMMA.1988,d3b27eee-c6e3-11e2-8753-002590937d1c,,EOL
object366,user6,Stalker,,ROTHSCHILD_IMMA_1913_vmm.jpg,,,2004,,Mixed Media Installation,"Wood, plexi",,,Collection Irish Museum of Modern Art,,IMMA.1913,d42720dc-c6e3-11e2-8753-002590937d1c,,EOL
object367,user6,Interior Decorators,,dillon_imma_2600.jpg,,,1945,,Painting,Oil on canvas,,,Collection Irish Museum of Modern Art,"Heritage Gift by the Bank of Ireland from the Bank of Ireland Collection, 2008 ",IMMA.2600,d47ae64a-c6e3-11e2-8753-002590937d1c,,EOL
object368,user6,"Untitled, August 1999",,Starkey_imma_1258.jpg,,,1971,,Photography,C-type print,,,Collection Irish Museum of Modern Art,"Donated by George and Maura McClelland, 2000",IMMA.1258,d5002e0e-c6e3-11e2-8753-002590937d1c,,EOL
object47,user6,Large Head by Stephan Balkenhol ,,Balkenhol_IMMA.93(2).jpg,,,1991,,Sculpture,Wawa wood,,,Collection Irish Museum of Modern Art,,IMMA.93,d5634552-c6e3-11e2-8753-002590937d1c,,EOL
object48,user6,Reading Position for Second Degree Burn by Dennis Oppenheim ,,OPPENHEIM_D_0.jpg,,,1970,,,Colour photography and collage text,,,Collection Irish Museum of Modern Art,,IMMA.1348,d5b92bfc-c6e3-11e2-8753-002590937d1c,,EOL
object49,user6,Quadripartie Mountain Sequence Red ,,Madden_IMMA.1865.jpg,,,1967,,Painting,Oil on canvas,,,Collection Irish Museum of Modern Art,"Heritage Gift, P.J. Carroll & Co. Ltd. Art Collection, 2005 © Anne Madden",IMMA.1865,d6242aa6-c6e3-11e2-8753-002590937d1c,,EOL
object50,user6,Homage to Bernadette Greevy by Robert Ballagh ,,BALLAGH2_IMMA.JPG,,,1978,,Painting,Oil on canvas with recorded sound,,,Collection Irish Museum of Modern Art,,IMMA.117 GL,d691a81a-c6e3-11e2-8753-002590937d1c,,EOL
object501,user2,The Spanish Shawl,,LouisleBrocquy_The_Spanish_Shawl_1941.jpg,,,1941,,Painting,Oil on Shantung sil mounted on hardboard,,Ireland,Private Collection,,,d6d24dfc-c6e3-11e2-8753-002590937d1c,,EOL
object502,user2,Houses at L’Estaque,,Georges_Braque_Houses_at_LEstaque_1908jpg.jpg,,,1908,,Painting,Oil on canvas,,France,"Berne, Kunstmuseum","© 2007 Artists Rights Society (ARS), New York/ADAGP, Paris, photo credit: Giraudon/Art Resource, NY",,d744e84e-c6e3-11e2-8753-002590937d1c,,EOL
object503,user2,Abstract Composition (Flames against Skyscrapers),,Gleizes-566.jpg,,,1920,,Lithograph,,,France,National Gallery of Ireland,© National Gallery of Ireland,"NGI 11, 566",d7cc0edc-c6e3-11e2-8753-002590937d1c,,EOL
object51,user6,"Portrait of Alice Liddell, after Lewis Carroll by Vik Muniz ",,MUNIZ_Vik_.jpg,,,2004,,,"Chromogenic print, mounted on aluminium, wooden frame and acrylic fabric",,,Collection Irish Museum of Modern Art,"© Vik Muniz/ VAGA, New York/ DACS, London",IMMA.1771,d83c1a24-c6e3-11e2-8753-002590937d1c,,EOL
object52,user6,Porträt 2001 (A. Roters) by Thomas Ruff ,,RUFF_IMMA.JPG,,,2001,,Photograph,"C-print, ed. 1/4",,,Collection Irish Museum of Modern Art,, IMMA.1524,d89bd478-c6e3-11e2-8753-002590937d1c,,EOL
object53,user6,Unveiling by Janine Antoni,,ANTONI_IMMA_amended_v2.jpg,,,1994,,,"Bronze bell, lead clapper, fabric tassel",,,Collection Irish Museum of Modern Art,"Courtesy of the artist and Luhring Augustine, New York",IMMA.623,d917cb50-c6e3-11e2-8753-002590937d1c,,EOL
object54,user6,The Flying Komarov by Ilya Kabakov,,KABAKOV_I2_IMMA.JPG,,,1972,,Print,Editioned Prints,,,Collection Irish Museum of Modern Art,,IMMA.843,d991c5c2-c6e3-11e2-8753-002590937d1c,,EOL
object55,user6,Dorothy by Sean Scully,,SCULLY3_IMMA.JPG,,,2003,,Painting,Oil on linen,,,Collection Irish Museum of Modern Art,,IMMA.1830,d9eb7ae0-c6e3-11e2-8753-002590937d1c,,EOL
object57,user6,Sloganeering 1-4 by Isabel Nolan ,,Nolan_IMMA.1551 (1).jpg,,,2001,,,Video transferred to DVD,,,Collection Irish Museum of Modern Art,,IMMA.1511,da4cf7f2-c6e3-11e2-8753-002590937d1c,,EOL
object59,user6,"from Nineteen Greys, B ",,Riley_IMMA.367GL.jpg,,,1968,,Print,Screenprint,,,Collection Irish Museum of Modern Art,,IMMA.367,dab613e0-c6e3-11e2-8753-002590937d1c,,EOL
object6,user2,"Group Portrait photograph of the 5th, 6th and 7th Marquesses of Sligo",,Photograph_5th_6th_7th_Marquesses_of_Sligo_circa_1900.jpg,,,,,Photograph,,,,"Denis Mahon LIbrary & Archive Collection, National Gallery of Ireland",,,db1ad50a-c6e3-11e2-8753-002590937d1c,,EOL
object60,user6,Sphère-Trame,,MORELLET_IMMA.326.JPG,,,1962,,,Chromed steel rods,,,Collection Irish Museum of Modern Art,,,db65aa44-c6e3-11e2-8753-002590937d1c,,EOL
object61,user6,Liberty on the Barricades (After Delacroix),,BALLAGH_IMMA.1260.jpg,,,1969,,Painting,Acrylic on canvas,,,Collection Irish Museum of Modern Art,© Robert Ballagh IVARO 2010,,dbc252ee-c6e3-11e2-8753-002590937d1c,,EOL
object63,user6,Bird Against the Window,,Collins_IMMA.161.GL_.jpg,,,1963,,Painting,Oil on hardboard,,,Collection Irish Museum of Modern Art,,IMMA.161 GL,dc1992d4-c6e3-11e2-8753-002590937d1c,,EOL
object64,user6,Physichromie No. 226 ,,Cruz-Diaz_IMMA.186.jpg,,,1966,,Painting,Painted wood and perspex,,,Collection Irish Museum of Modern Art,© Carlos Cruz-Diez. All rights reserved DACS 2010,IMMA.186,dc9951c2-c6e3-11e2-8753-002590937d1c,,EOL
object65,user6,The Tripper,,Diaz_IMMA.193GL_REF.jpg,,,1971,,Painting,Acrylic on canvas,,,Collection Irish Museum of Modern Art,,,dcced9d2-c6e3-11e2-8753-002590937d1c,,EOL
object67,user6,Boy and Seagull ,,Hennessy_IMMA.246 GL.jpg,,,1954,circa,Painting,Oil on canvas,,,Collection Irish Museum of Modern Art,,IMMA.246,dd1e494a-c6e3-11e2-8753-002590937d1c,,EOL
object68,user6,The Marchers ,,Kelly_IMMA.2604.jpg,,,1969,,,Cast aluminium,,,Collection Irish Museum of Modern Art,,,dd62b882-c6e3-11e2-8753-002590937d1c,,EOL
object69,user6,Still Life,,McGuire_IMMA.1988.jpg,,,1957,,Painting,Oil on board,,,Collection Irish Museum of Modern Art,,IMMA.1988,ddf1a97a-c6e3-11e2-8753-002590937d1c,,EOL
object7,user 6,"Errigal, Co. Donegal",,errigal_henry.jpg,,,1930,circa,Painting,Oil on canvas,,,Collection Irish Museum of Modern Art,"Heritage Gift by Bank of Ireland, 1999",,de3d0dd4-c6e3-11e2-8753-002590937d1c,,EOL
object71,user6,Goat and Mountain by John Luke,,Luke_IMMA.1186.jpg,,,1935,,Painting,Tempera on board,,,Collection Irish Museum of Modern Art,,,de8eb972-c6e3-11e2-8753-002590937d1c,,EOL
object72,user6,Doublement,,BILL_IMMA.134.jpg,,,1969,,,Stainless steel,,,Collection Irish Museum of Modern Art,© Max Bill IVARO 2010,IMMA.134,df04f0ba-c6e3-11e2-8753-002590937d1c,,EOL
object73,user6,Untitled ,,Morris_IMMA.327.jpg,,,1960,circa,Sculpture,Wood Carving,,,Collection Irish Museum of Modern Art,,IMMA.327,df652f66-c6e3-11e2-8753-002590937d1c,,EOL
object75,user6,Information for the People ,,Sheridan_IMMA.2648(4).jpg,,,1975,,,Mixed Media,,,Collection Irish Museum of Modern Art,,IMMA.2648,dfcbbccc-c6e3-11e2-8753-002590937d1c,,EOL
object76,user6,Curvas Immateriales ,,SOTO_IMMA.383.JPG,,,1966,,,"Painted metal rods, nylon, acrylic on board",,,Collection Irish Museum of Modern Art,© Jesus Rafael Soto IVARO 2010,IMMA.383,e0433d88-c6e3-11e2-8753-002590937d1c,,EOL
object77,user6,Untitled ,,Tyrrell_IMMA.395 GL.jpg,,,1975,,Painting,Acrylic on canvas,,,,,IMMA.395,e09013b0-c6e3-11e2-8753-002590937d1c,,EOL
object78,user6,Lant ,,VASARELY_IMMA.398.jpg,,,1968,,Painting,Acrylic on canvas,,,Collection Irish Museum of Modern Art,© Victor Vasarely IVARO 2010,IMMA.398,e0f63b86-c6e3-11e2-8753-002590937d1c,,EOL
object79,user6,Eileen Aroon ,,YEATS_IMMA.2622.jpg,,,1953,,Painting,Oil on canvas,,,Collection Irish Museum of Modern Art,"Heritage Gift by the Bank of Ireland from the Bank of Ireland collection, 2008",,e12c3d1c-c6e3-11e2-8753-002590937d1c,,EOL
object8,user2,Notizie de' professori del disegno da Cimabue...,"Filippo Baldinucci Notizie de‚' professori del disegno da Cimabue, in qua secolo V. dal 1610 al 1670(Florence 1728)",Baldinucci_Notizie_de_professori_del_disegno_da_Cimabue_1728.JPG,,,1728,,Book,,,,"Denis Mahon Library & Archive Collection, National Gallery of Ireland",,,e160fbec-c6e3-11e2-8753-002590937d1c,,EOL
object82,user6,Sounion,,King_278_Trial.jpg,,,1975,,Painting,Oil on canvas,,,Collection Irish Museum of Modern Art,,IMMA.278,e1ac25ae-c6e3-11e2-8753-002590937d1c,,EOL
object84,user6,Donegal Couple,,O'Neill_IMMA.1667.JPG,,,1955,circa,Painting,Oil on canvas,,,Collection Irish Museum of Modern Art,,IMMA.1667,e2343a98-c6e3-11e2-8753-002590937d1c,,EOL
object85,user6,In the Wake (of),,Brian_O'Doherty_01 In the wake of.jpg,,,1963,,,"Wood, paper, ink",,,Collection Irish Museum of Modern Art,,,e267eae6-c6e3-11e2-8753-002590937d1c,,EOL
object86,user6,Une nature morte à la mode Irlandaise,,FARRELL_IMMA.1848_REF.jpg,,,1974,,Painting,Acrylic on paper on board and acrylic on wood,,,Collection Irish Museum of Modern Art,,IMMA.1848,e2e8f000-c6e3-11e2-8753-002590937d1c,,EOL
object87,user6,Three Titled Meanings (A.A.I.A.I.) ,,Kosuth_IMMA.777.JPG,,,1967,,Photograph,Photograph of text on panel,,,Collection Irish Museum of Modern Art,,IMMA.777,e348ef32-c6e3-11e2-8753-002590937d1c,,EOL
object88,user6,The White Road to the Sea ,,McSweeney_IMMA.2608.jpg,,,1965,,Painting,Oil on canvas,,,Collection Irish Museum of Modern Art,,IMMA.2608  ,e39333b2-c6e3-11e2-8753-002590937d1c,,EOL
object89,user6,Girl Waiting,,McWilliam_IMMA.304 GL.jpg,,,1970,,Sculpture,Bronze,,,Collection Irish Museum of Modern Art,,,e3e46d36-c6e3-11e2-8753-002590937d1c,,EOL
object9,user2,The voyage of Italy,"Richard Lassels, 'The voyage of Italy, or a complete journey through Italy. In two parts. With the characters of the people, and the description of the chief towns, churches, monasteries, tombs, libraries, palaces, villas, gardens, pictures, statues and antiquities'(Paris 1670)",Lassels_The_Voyage_of_Italy_1670.JPG,,,1670,,Book,,,,"Denis Mahon Library & Archive Collection, National Gallery of Ireland",,,e44b7dc8-c6e3-11e2-8753-002590937d1c,,EOL
object90,user6,Forget-me-(K)nots on a Cane Table ,,Swift.jpg,,,,,Painting,Oil on canvas,,,Collection Irish Museum of Modern Art,,,e48070fa-c6e3-11e2-8753-002590937d1c,,EOL
object91,user6,Self ,"Allen JonesSelf, 1966Silkscreen54.8 x 43.2 cmCollection Irish Museum of Modern ArtGordon Lambert Trust, 1992 IMMA.261",Jones_IMMA.261 GL.jpg,,,1966,,Print,Silkscreen,,,Collection Irish Museum of Modern Art,,,e4ca47ca-c6e3-11e2-8753-002590937d1c,,EOL
object92,user2,"Photograph of Sir Denis‚'s parents John Fitzgerald Mahon and Lady Alice Evelyn Mahon (nee Browne) outside Westport House, Co. May",Photograph by Alfred Brown [n.d.],Photograph_of_Denis_Mahons_parents_outside_Westport_House.jpg,,,,,Photograph,,,,"Denis Mahon Library & Archive Collection, National Gallery of Ireland",,,e504d4d0-c6e3-11e2-8753-002590937d1c,,EOL
object93,user2,Sir Denis Mahon's birth announcement,"The Times, 9th November, 1910",Denis_Mahons_birth_notice_1910.jpg,,,1910,,Archival Material,,,,"Denis Mahon Library & Archive Collection, National Gallery of Ireland",,,e5364d3a-c6e3-11e2-8753-002590937d1c,,EOL
object94,user2,Some history about air raids which Denis was in,Sir Denis Mahon's Air Raid Diary,Diary_entry_by_Denis_Mahon_1917.jpg,,,1917,,Archival Material,,,,"Denis Mahon Library & Archive Collection, National Gallery of Ireland",,,e567a7ae-c6e3-11e2-8753-002590937d1c,,EOL
object95,user2,"Note from Dean of Christ Church, Oxford to Lady Alice Mahon",,Denis_Mahon_acceptance_letter_Christchurch_Oxford_1929.jpg,,,1927,,Archival Material,,,,"Denis Mahon Library & Archive Collection, National Gallery of Ireland",,,e5a0afea-c6e3-11e2-8753-002590937d1c,,EOL
object96,user2,Record kept by Lady Alice Mahon of letter from Lady Rumbold,,Lady_Alice_Mahons_notes_of_a_conversation_with_Lady_Rumbold_1929.jpg,,,1929,,Archival Material,,,,"Denis Mahon Library & Archive Collection, National Gallery of Ireland",,,e5d5291e-c6e3-11e2-8753-002590937d1c,,EOL
object97,user2,Press cutting from the Daily News,1929,Press_Cutting_about_Mahon's_visit_to_Berlin_1929.jpg,,,1929,,Archival Material,,,,"Denis Mahon Library & Archive Collection, National Gallery of Ireland",,,e6086afe-c6e3-11e2-8753-002590937d1c,,EOL
object98,user2,Portrait photograph of Denis Mahon while studying at Eton ,"by A. D. Kissack, Eton, Windsor",Photograph_Of_Denis_Mahon_Eton_c1929.jpg,,,,,Photograph,,,,"Denis Mahon Library & Archive Collection, National Gallery of Ireland",,,e64569fe-c6e3-11e2-8753-002590937d1c,,EOL
object99,user2,Lady Alice Mahon Account Book,,Lady_Alice_Mahons_account_book.jpg,,,1934,,Archival Material,,,,"Denis Mahon Library & Archive Collection, National Gallery of Ireland",,,e67c4e06-c6e3-11e2-8753-002590937d1c,,EOL
object504,user2,The Cave of Eternity,,Luca_Giordano_THe_Cave_of_Eternity_early1680s_NationalGallery.jpg,,,1680,circa,Painting,Oil on canvas,,,National Gallery London,© National Gallery,,e6d800ca-c6e3-11e2-8753-002590937d1c,,EOL
object505,user2,The Holy Family,,Bartolomeo_Schedoni_The_Holy_Family_Virgin_teaching_child_read_1613_1615_NationalGallery.jpg,,,1613,circa,Painting,Oil on canvas,,,National Gallery London,© National Gallery,,e6fe8808-c6e3-11e2-8753-002590937d1c,,EOL
object506,user2,Landscape with a Fortified Town,,1120x626_NatGall_Domenichino_Town_Mahon.jpg,,,1634,,Painting,Oil on canvas,,,National Gallery London,© National Gallery,,e725689c-c6e3-11e2-8753-002590937d1c,,EOL
object507,user2,Head of an Old Man,,1120x626_Ashmol_Guercino_Head_Mahon.jpg,,,,,Painting,Oil on canvas,,,Ashmolean Museum,© Ashmolean Museum,,e7737e06-c6e3-11e2-8753-002590937d1c,,EOL
object508,user2,The Vision of St Jerome,,1120x626_Ashmol_Domenichino_Jerome_Mahon.jpg,,,,,Painting,Oil on canvas,,,Ashmolean Museum,© Ashmolean Museum,,e79e4280-c6e3-11e2-8753-002590937d1c,,EOL
object509,user2,Saint Gregory the Great with Saints Ignatius Loyola and Francis Xavier,,1120x626_NatGall_Guercino_Gregory_Mahon.jpg,,,1625,,Painting,Oil on canvas,,,National Gallery London,© National Gallery,,e7cf2e04-c6e3-11e2-8753-002590937d1c,,EOL
object510,user2,The Angel appears to Hagar and Ishmael,,1120x626_NatGall_Guercino_Hagar_Mahon.jpg,,,1652,circa,Painting,Oil on canvas,,,National Gallery London,© National Gallery,,e8019100-c6e3-11e2-8753-002590937d1c,,EOL
object511,user2,The Rape of Europa,,1120x626_NatGall_Reni_Europa_Mahon.jpg,,,1637,circa,Painting,Oil on canvas,,,National Gallery London,© National Gallery,,e828d260-c6e3-11e2-8753-002590937d1c,,EOL
object512,user2,Allegory of Divine Wisdom,,1120x626_NatGall_Giordano_Wisdom_Mahon.jpg,,,1680,circa,Painting,Oil on canvas,,,National Gallery London,© National Gallery,,e84f3126-c6e3-11e2-8753-002590937d1c,,EOL
object513,user2,Allegory of Fortitude,,Giordano_Fortitude.jpg,,,1680,circa,Painting,Oil on canvas,,,National Gallery London,© National Gallery,,e8783134-c6e3-11e2-8753-002590937d1c,,EOL
object514,user2,Allegory of Justice,,Giordano_Justice.jpg,,,1680,circa,Painting,Oil on canvas,,,National Gallery London,© National Gallery,,e89f854a-c6e3-11e2-8753-002590937d1c,,EOL
object515,user2,Allegory of Prudence,,Giordano_Prudence.jpg,,,1680,circa,Painting,Oil on canvas,,,National Gallery London,© National Gallery,,e8c80452-c6e3-11e2-8753-002590937d1c,,EOL
object516,user2,Allegory of Temperance,,Giordano_Temperance.jpg,,,1680,circa,Painting,Oil on canvas,,,National Gallery London,© National Gallery,,e8f1195a-c6e3-11e2-8753-002590937d1c,,EOL
object517,user2,Apotheosis of Medici,,Giordano_Apotheosis_Medici_1680s.jpg,,,1680,circa,Painting,Oil on canvas,,,National Gallery London,© National Gallery,,e9200a08-c6e3-11e2-8753-002590937d1c,,EOL
object518,user2,Minerva as Protectress of the Arts and Sciences,,Giordano_Minerva.jpg,,,1680,circa,Painting,Oil on canvas,,,National Gallery London,© National Gallery,,e94675e4-c6e3-11e2-8753-002590937d1c,,EOL
object519,user2,Mythological Scene of Agriculture,,Giordano_Agriculture_1680s_NationalGallery.jpg,,,1680,circa,Painting,Oil on canvas,,,National Gallery London,© National Gallery,,e96e087a-c6e3-11e2-8753-002590937d1c,,EOL
object520,user2,Mythological Scene with the Rape of Proserpine,,Giordano_Rape_of_Proserpina_1680s_NationalGallery.jpg,,,1680,circa,Painting,Oil on canvas,,,National Gallery London,© National Gallery,,e993216e-c6e3-11e2-8753-002590937d1c,,EOL
object601,user23,Le Déjeuner sur l'Herbe,This fragment (there is a second also in the Musée d'Orsay) is one of <br >the remaining parts of the monumental Luncheon on the Grass by Monet.,Le_déjeuner_sur_lherbe.png,,,1865,,Painting,Oil on Canvas,,,Musee d'Orsay,,,e9dcab9a-c6e3-11e2-8753-002590937d1c,,EOL
object602,user23,La Grenouillère,,La_Grenouillere.jpg,,,1869,,Painting,Oil on Canvas,,,National Gallery London,,,ea001c38-c6e3-11e2-8753-002590937d1c,,EOL
object603,user23,Impression Sunrise,,Impression_Sunrise.jpg,,,1872,,Painting,Oil on Canvas,,,Musée Marmottan Monet,,,ea3c7dea-c6e3-11e2-8753-002590937d1c,,EOL
object604,user23,Poppy Fields near Argenteuil,"This work is one of four similar views of the plain of Gennevilliers, just southeast of Argenteuil, which Monet executed in summer 1875. He first painted the subject two years earlier in the celebrated ""Poppies near Argenteuil"" ",Poppy_Fields_near_Argenteuil.png,,,1875,,Painting,Oil on Canvas,,,Musee d'Orsay,,,ea94c964-c6e3-11e2-8753-002590937d1c,,EOL
object605,user23,Argenteuil Basin with a Single Sailboat,,Argenteuil_Basin_with_a_single_Sailboat.jpg,,,1874,,,Oil on Canvas,,,National Gallery of Ireland,,,eacb8b7a-c6e3-11e2-8753-002590937d1c,,EOL
object606,user23,Bridge over a Pond of Water Lilies,,Bridge_over_a_Pond_of_Water_Lilies.png,,,1899,,Painting,Oil on Canvas,,,The Metropolitan Museum,,,eb06c10e-c6e3-11e2-8753-002590937d1c,,EOL
object607,user23,Women in the Garden,,Women_in_the_Garden.png,,,1866,,Painting,Oil on Canvas,,,Musee d'Orsay,,,eb2d9b08-c6e3-11e2-8753-002590937d1c,,EOL
object608,user23,Effect du Soir ,,Effect_du_Soir.jpg,,,1865,,Painting,Oil on Canvas,,,Private Collection,,,eb59aa18-c6e3-11e2-8753-002590937d1c,,EOL
object609,user23,"Arrival of the Normandy Train, Gare Saint-Lazare ",,Arrival_of_the Normandy_Train_Gare_SaintLazare.jpg,,,1877,,Painting,Oil on Canvas,,,Mr. and Mrs. Martin A. Ryerson Collection,,,eb95cd90-c6e3-11e2-8753-002590937d1c,,EOL
object610,user23,The Monet Family in their Garden,,The_Monet_Family_in_their_Garden.png,,,1874,,Painting,Oil on Canvas,,,The Metropolitan Museum,,,ebbc72d8-c6e3-11e2-8753-002590937d1c,,EOL
object611,user23,Photograph of the Artist Claude Monet,,Photograph_of_the_Artist_Claude_Monet.jpg,,,1899,,Photograph,,,,,,,ebe402c6-c6e3-11e2-8753-002590937d1c,,EOL
object612,user23,Caricature of Rufus Crontinelli,,Caricature_of_Rufus_Crontinelli.jpg,,,1856,circa,Drawing,Pencil on Paper,,,Carter H. Harrison,,,ec34555a-c6e3-11e2-8753-002590937d1c,,EOL
object521,user2,Portrait of Jacques Nayral,,Gleizes_Portrait_of_Jacques_Nayral_1911_Tate.jpg,,,1911,,Painting,Oil on canvas,,,Tate Modern,"© ADAGP, Paris and DACS, London 2002",T02410,ec899484-c6e3-11e2-8753-002590937d1c,,EOL
object522,user2,Single Element: Green Abstract,,Jellett_Green_Abstract_1927_NGI.JPG,,,1927,,Painting,Oil on canvas,,,National Gallery of Ireland,© National Gallery of Ireland,,9810cc1a-c710-11e2-8753-002590937d1c,,EOL
object523,user2,A Waterlily Pond,,Jellett_A_Waterlily_Pond_circa1919_NGI.JPG,,,1919,circa,Painting,Gouache on paper,,,National Gallery of Ireland,© National Gallery of Ireland,NGI.7849 ,98961190-c710-11e2-8753-002590937d1c,,EOL
object524,user2,Under the Big Top at a Circus,,Jellett_Under_the_Big_Top_at_a_Circus_unknowndate_NGI.JPG,,,,,Painting,Watercolour and graphite with white highlights on paper<br >,,,National Gallery of Ireland,© National Gallery of Ireland,NGI.18153 ,98eb0c9a-c710-11e2-8753-002590937d1c,,EOL
object525,user2,Under the Big Top at a Circus Preparatory Study,,Jellett_Prep_Study_Under_Big_Top_NGI.JPG,,,,,Drawing,Wash on paper<br >,,,National Gallery of Ireland,© National Gallery of Ireland,NGI.18152 ,99411522-c710-11e2-8753-002590937d1c,,EOL
object526,user2,Achill Bog Preparatory Drawing,,Jellett_Achill_Bog_Prep_Drawing_NGI.JPG,,,,,Drawing,Wash on paper<br >,,,National Gallery of Ireland,© National Gallery of Ireland,NGI.18185 ,9980f08e-c710-11e2-8753-002590937d1c,,EOL
object527,user2,The Virgin of Eire,,Jellett_The_Virgin_of_Eire_NGI.JPG,,,1943,,Painting,Oil on canvas,,,National Gallery of Ireland,© National Gallery of Ireland,NGI.4319 ,99bf3376-c710-11e2-8753-002590937d1c,,EOL
object701,user27,A Picnic,,a_picnic_le_brocquy.jpg,,,1940,,Painting,"Wax resin medium on canvas, mounted on board",,,"Irish Museum of Modern Art Loan, the Becher Collection, 2002",© The Artist,,3db7a692-dde2-11e2-8753-002590937d1c,,EOL
object702,user27,And if Because,,Cecil King John Burke#1.jpg,,,1974,circa,Sculpture,Painted steel,,,"Collection Irish Museum of Modern Art, Gordon Lambert Trust, 1992",,,3e18193c-dde2-11e2-8753-002590937d1c,,EOL
object703,user27,Room 32 Kinetic and Op Art from The Moderns,,Fromel_IMMA.1851.jpg,,,2010,,Exhibition,,,, Collection Irish Museum of Modern Art,,,3e750df4-dde2-11e2-8753-002590937d1c,,EOL
object704,user27,Continuel-Mobil Argent,,LeParc_IMMA.350.jpg,,,1967,,Sculpture,Aluminium,,,"Collection Irish Museum of Modern Art Gordon Lambert Trust, 1992 ",,,3ef76704-dde2-11e2-8753-002590937d1c,,EOL
object705,user27,Madonna and Child,,madonna_and_child_jellet.jpg,,,1937,circa,Painting,Oil on canvas,,, Collection Irish Museum of Modern Art,,,3f39dc7e-dde2-11e2-8753-002590937d1c,,EOL
object613,user23,Landscape with a Man killed by a Snake,,Landscape_with_a_Man_killed_by_a_Snake.png,,,1648,,Painting,Oil on Canvas,,,The National Gallery London,,,3f811314-dde2-11e2-8753-002590937d1c,,EOL
object614,user23,Beach at Trouville,"Traditionally called 'A Squall from the West', this painting probably shows the beach at Trouville. ",Beach_at_Trouville.png,,,1890,circa,Painting,Oil on Canvas,,,The National Gallery London,,,3fad012c-dde2-11e2-8753-002590937d1c,,EOL
object615,user23,View at Rouelles le Havre,,View_at_Rouelles_Le_Havre.png,,,1858,,Painting,Oil on Canvas,,,Private Collection,,,4009c6a0-dde2-11e2-8753-002590937d1c,,EOL
object706,user27,Composition,,jellet_ex_2010_3_118.jpg,,,1927,,Painting,Gouache,,,Irish Museum of Modern Art,,,40497c3c-dde2-11e2-8753-002590937d1c,,EOL
object707,user27,And if Because,,burke_imma_145_gl.jpg,,,1974,circa,Sculpture,Painted steel,,,"Collection Irish Museum of Modern Art<br >Gordon Lambert Trust, 1992 ",,,4086fc74-dde2-11e2-8753-002590937d1c,,EOL
object708,user27,Belfast Room,,campbell_imma_148_gl.jpg,,,1956,circa,Painting,Oil on board,,,"Collection Irish Museum of Modern Art Gordon Lambert Trust, 1992",,,40b49f44-dde2-11e2-8753-002590937d1c,,EOL
object709,user27,The Small Ring,,the_small_ring_jbyeats.jpg,,,1930,,Painting,Oil on canvas,,,"Collection Crawford Art Gallery, Cork","© Estate of Jack B Yeats. All rights reserved, DACS 2010",,40f9bd68-dde2-11e2-8753-002590937d1c,,EOL
object710,user27,Photograph of Willem de Kooning,,willem_de_kooning_image.jpg,,,,,Photograph,,,,,,,4124fca8-dde2-11e2-8753-002590937d1c,,EOL
object370,user6,Bloody Sunday Postcard,,Bloody Sunday postcard.jpg,,,1913,,Photograph,,,,Dublin City Libraries and Archives,"This object was uploaded for use in the Hack the Lockout event, Dublin City Council, Wood Quay, 15 June 2013: © Courtesy of Dublin City Libraries and Archives",,deea32d4-ea42-11e2-8753-002590937d1c,,EOL
object371,user6,"Police Baton Charge, Dublin, 1913",,Sackville St 1 Sept 1913.jpg,,,1913,,Photograph,,,,Dublin City Libraries and Archives,"This object was uploaded for use in the Hack the Lockout event, Dublin City Council, Wood Quay, 15 June 2013: © Courtesy of Dublin City Libraries and Archives",,dff8643e-ea42-11e2-8753-002590937d1c,,EOL
object369,user6,William Martin Murphy,,Murphy 1907.jpg,,,1907,,Photograph,,,,Dublin City Libraries and Archives,"This object was uploaded for use in the Hack the Lockout event, Dublin City Council, Wood Quay, 15 June 2013: © Courtesy of Dublin City Libraries and Archives",,e056d866-ea42-11e2-8753-002590937d1c,,EOL
object373,user6,James Connolly statue,,ODohertyEamonn_James_Connolly_Statue.JPG,,,1996,,Sculpture,Bronze and Stone,,,"Beresford Place, Dublin",Commissioned by the Irish Congress of Trade Unions,,e1ed70b8-ea42-11e2-8753-002590937d1c,,EOL
object374,user27,An image from M. J. F. McCarthy's 'Priests and People in Ireland' ,,Priests and people 02.JPG,,,1900,,Photograph,,,Ireland,Dublin City Libraries and Archives,"This object was uploaded for use in the Hack the Lockout event, Dublin City Council, Wood Quay, 15 June 2013: © Courtesy of Dublin City Libraries and Archives",,e2fdf996-ea42-11e2-8753-002590937d1c,,EOL
object375,user27,1 November 1913: Police Mobilsing,,ACS 1 Nov 1913 p12.jpg,,,1913,,Photograph,,,Ireland,Dublin City Libraries and Archives,"This object was uploaded for use in the Hack the Lockout event, Dublin City Council, Wood Quay, 15 June 2013: © Courtesy of Dublin City Libraries and Archives",,e388c54e-ea42-11e2-8753-002590937d1c,,EOL
object376,user27,Dublin Tenements,,074_Tenements.jpg,,,1913,,Photograph,,,Ireland,Dublin City Libraries and Archives,"This object was uploaded for use in the Hack the Lockout event, Dublin City Council, Wood Quay, 15 June 2013: © Courtesy of Dublin City Libraries and Archives",,e49f9db8-ea42-11e2-8753-002590937d1c,,EOL
object377,user27,Larkin Arrest Postcard,,Larkin arrest.jpg,,,1913,,Postcard,,,Ireland,Dublin City Libraries and Archives,"This object was uploaded for use in the Hack the Lockout event, Dublin City Council, Wood Quay, 15 June 2013: © Courtesy of Dublin City Libraries and Archives",,e538e4be-ea42-11e2-8753-002590937d1c,,EOL
